{"cameraMode":{"drawMode":0,"name":"Shaded","section":"Shading Mode"},"sceneLighting":false,"audioPlay":false,"sceneViewState":{"m_AlwaysRefresh":false,"showFog":false,"showSkybox":false,"showFlares":false,"showImageEffects":false,"showParticleSystems":false,"showVisualEffectGraphs":true,"m_FxEnabled":true},"in2DMode":false,"pivot":{"x":-0.005067944526672363,"y":1.050424337387085,"z":0.06958839297294617},"rotation":{"x":-0.056900858879089358,"y":-0.9401258230209351,"z":0.19596156477928163,"w":-0.27297866344451907},"size":1.437505841255188,"orthographic":false}