{"cameraMode":{"drawMode":0,"name":"Shaded","section":"Shading Mode"},"sceneLighting":false,"audioPlay":false,"sceneViewState":{"m_AlwaysRefresh":false,"showFog":true,"showSkybox":false,"showFlares":true,"showImageEffects":true,"showParticleSystems":true,"showVisualEffectGraphs":true,"m_FxEnabled":true},"in2DMode":false,"pivot":{"x":6.529026031494141,"y":1.4326200485229493,"z":-0.5346579551696777},"rotation":{"x":-0.11395387351512909,"y":-0.14815029501914979,"z":0.017187314108014108,"w":-0.9822225570678711},"size":0.5519208312034607,"orthographic":false}