{"cameraMode":{"drawMode":0,"name":"Shaded","section":"Shading Mode"},"sceneLighting":true,"audioPlay":false,"sceneViewState":{"m_AlwaysRefresh":false,"showFog":true,"showSkybox":true,"showFlares":true,"showImageEffects":true,"showParticleSystems":true,"showVisualEffectGraphs":true,"m_FxEnabled":true},"in2DMode":false,"pivot":{"x":0.3708381652832031,"y":1.562192678451538,"z":1.0525195598602296},"rotation":{"x":-0.056900858879089358,"y":-0.9401258230209351,"z":0.19596156477928163,"w":-0.27297866344451907},"size":1.133865237236023,"orthographic":false}